
  {
    "Southampton" : [50.909698, -1.404351],
    "Sheffield" : [53.383331,-1.466667],
    "Nottingham" : [52.950001, -1.150000],
    "Newcastle" : [54.966667, -1.600000],
    "Manchester" : [53.483959, -2.244644],
    "London" : [51.509865, -0.118092],
    "Liverpool" : [53.400002, -2.983333],
    "Leicester": [52.633331, -1.133333],
    "Leeds" : [53.801277, -1.548567],
    "Glasgow" : [55.860916, -4.251433],
    "Edinburgh" : [55.953251, -3.188267],
    "Cardiff" : [51.481583, -3.179090],
    "Bristol" : [51.454514, -2.587910],
    "Birmingham" : [52.489471, -1.898575]
  }
